osm_id,code,fclass,name
357757354,3104,christian_lutheran,Immanuel State Line Lutheran Church
358087838,3100,christian,First Church of the Nazarene of Kansas City
358087972,3100,christian,Saint Mary Magdalene Episcopal Church
358623052,3100,christian,Grandview Church
358623056,3100,christian,Mount Zion Church
358623105,3100,christian,Pleasant Valley Church
358623116,3100,christian,Hicks Chapel
358623236,3100,christian,Wesley Chapel
358623238,3100,christian,Spring Hill Church
358623269,3100,christian,Center Church
358623272,3100,christian,Pleasant Hill Church
358623296,3100,christian,Elm Church
358623347,3100,christian,Friends Church
358623356,3100,christian,Blue Mound Church
358623366,3100,christian,Pleasantview Church
358623459,3100,christian,Spring Valley Church
358623460,3100,christian,Zion Hill Church
358623515,3100,christian,Bethlehem Church
358623569,3100,christian,Lone Cherry Church
358623630,3100,christian,Pleasant View Church
358623637,3100,christian,Council Corner Church
358623706,3100,christian,Maple Grove Church
358623723,3100,christian,Harrison Church
358623729,3100,christian,Otterbein Church
358623738,3100,christian,Excelsior Church
358623772,3100,christian,Green Elm Church
358623790,3100,christian,Lebanon Church
358623792,3100,christian,Osage Church
358623795,3100,christian,Round Prairie Church
358623804,3100,christian,Osage Church
358623812,3100,christian,Mount Olive Church
358623886,3100,christian,Center Bethel Church
358623897,3100,christian,Center Chapel
358623952,3100,christian,Hopewell Church
358623969,3100,christian,Pleasant Hill Church
358623980,3100,christian,Hazel Dell Church
358623983,3100,christian,Pleasant Dale Church
358624006,3100,christian,Choteau Chapel
358624031,3100,christian,Sycamore Valley Church
358624065,3100,christian,Belknap Church
358624131,3100,christian,Emmanuel Church
358624156,3100,christian,Prairie View Church
358624161,3100,christian,Timber Creek Church
358624162,3100,christian,Mount Hope Church
358624193,3100,christian,Evangelical Church
358624264,3100,christian,Chicaskia Church
358624268,3100,christian,Walnut Valley Church
358624294,3100,christian,Council Hill Church
358624357,3100,christian,Slate Valley Church
358624461,3100,christian,Crystal Springs Church
358624470,3100,christian,Union Church
358624475,3100,christian,Bethel Church
358624569,3100,christian,Lone Star Church
358624589,3100,christian,Emmanuel Church
358624608,3100,christian,Bethel Church
358624631,3100,christian,Friends Chapels
358624636,3100,christian,Elsie Chapel
358624712,3100,christian,Antioch Church
358624723,3100,christian,South Fork Church
358624731,3100,christian,Saint Johns Church
358624741,3100,christian,Saint Cyril Church (Razed)
358624745,3100,christian,Trinity Church
358624765,3100,christian,Prairie Chapel
358624767,3100,christian,Sherman Chapel
358624785,3100,christian,Maple Grove Church
358624803,3100,christian,Salem Church
358624826,3100,christian,Herndon Covenant Church
358624891,3100,christian,Stevens Chapel
358624909,3100,christian,Lund Church
358624930,3100,christian,Prairie Gem Church
358624941,3100,christian,Prairie Rose Church
358624943,3100,christian,Wesley Chapel
358624961,3100,christian,McGraw Church
358625029,3100,christian,Immanuel Church
358625068,3100,christian,Mingo Bible Church
358625088,3100,christian,Mount Pleasant Church
358625100,3100,christian,Saint John Church
358625108,3100,christian,Saint Anthony Church
358625113,3100,christian,Leland Church
358625124,3100,christian,Country Chapel
358625146,3102,christian_catholic,Saint Michaels Catholic Church
358625185,3100,christian,Scott Mennonite Church
358625187,3100,christian,Carpenter Chapel
358625249,3100,christian,Lydia Church
358625251,3100,christian,Prairie View Church
358625338,3100,christian,Ebenflure Church
358625351,3100,christian,Church of God in Christ
358625397,3100,christian,Pleasant Prairie Church
358625401,3100,christian,Salem Church
358625430,3100,christian,Hope Church
358625434,3100,christian,Church of God in Christ
358625436,3100,christian,Gospel Fellowship Church
358625438,3100,christian,Cave Church
358625444,3100,christian,Brethren Church
358625478,3100,christian,Englewood Church
358625479,3100,christian,Pleasant Ridge Church
358625486,3100,christian,Beulah Church
358625488,3100,christian,Saint John Church
358625490,3100,christian,Pleasant Green Church
358625499,3100,christian,Pleasant Hill Church
358625511,3100,christian,Mount Hope Church
358625530,3100,christian,Union Chapel
358625538,3100,christian,Olive Hill Church
358625576,3100,christian,Luctor Church
358625593,3100,christian,Plum Creek Church
358625604,3100,christian,Johnson Church
358625605,3104,christian_lutheran,Saint John Lutheran Church
358625694,3100,christian,Saint John Church
358625705,3100,christian,Crystal Plains Church
358625753,3100,christian,Mount Pleasant Church
358625773,3100,christian,Ash Rock Church
358625782,3100,christian,Mayflower Church
358625786,3100,christian,Lawrence Creek Church
358625832,3100,christian,Mayview Church
358625858,3100,christian,Spring Creek Church
358625913,3100,christian,Mount Ayr Church
358625921,3100,christian,Kill Creek Church
358625963,3100,christian,Plainview Church
358625972,3100,christian,Glenview Church
358625978,3100,christian,Naomi Church
358626055,3100,christian,Pleasant Plain Church
358626062,3100,christian,Enterprise Church
358626093,3100,christian,Green Mound Church
358626096,3100,christian,Saltville Church
358626134,3100,christian,Vincent Church
358626139,3100,christian,Cheyenne Church
358626186,3100,christian,Saint Severin Church
358626265,3100,christian,Saints Peter and Paul Church
358626275,3100,christian,Evangelical Church
358626277,3100,christian,Richland Center Church
358626336,3100,christian,Friedens Church
358626348,3100,christian,Apostolic Church
358626376,3100,christian,Pleasant Hill Church
358626466,3100,christian,Tabor Chapel
358626516,3100,christian,Trinity Church
358626551,3100,christian,Mission Covenant Church
358626553,3100,christian,Salem Church
358626580,3100,christian,American Church
358626600,3100,christian,Upper Wolf Church
358626657,3100,christian,Burr Oak Church
358626694,3100,christian,Zion Church
358626699,3100,christian,Saint Lukes Church
358626733,3100,christian,Saint Bernards Church
358626746,3100,christian,Covenant Church
358626751,3100,christian,Zion Church
358626882,3100,christian,Zion Church
358626903,3100,christian,Jordan Creek Church
358626914,3100,christian,Saint Johns Church
358626935,3100,christian,Christ Church
358626994,3100,christian,Morgan Chapel
358627057,3100,christian,Czeeh Church
358627085,3100,christian,Saint Josephs Church
358627104,3100,christian,Pleasant Grove Church
358627239,3100,christian,Saint Marys Church
358627301,3100,christian,Amish Church
358627307,3100,christian,Plainview Church
358627316,3100,christian,Pleasant View Church
358627322,3100,christian,Saint Pauls Church
358627330,3100,christian,Pleasant Grove Church
358627333,3100,christian,Yoder Church
358627350,3100,christian,Bethany Church
358627354,3100,christian,Grace Church
358627356,3100,christian,Pleasant Valley Church
358627383,3100,christian,Bethel Church
358627398,3100,christian,Emmaus Church
358627427,3100,christian,Pleasant Plain Church
358627461,3100,christian,First Mennonite Church
358627497,3100,christian,Hillcrest Church
358627504,3100,christian,Park Church
358627522,3100,christian,Palmyra Church
358627618,3100,christian,Saint Pauls Church
358628071,3100,christian,Anchor Baptist Church
358628078,3102,christian_catholic,Saint Vincent de Paul Church
358628116,3100,christian,Bethel Church
358628138,3100,christian,Glendale Church
358628237,3100,christian,Friends Church
358628253,3100,christian,Chelsea Church
358628262,3100,christian,Upper Fall River Church
358628275,3100,christian,Utopia Community Church
358628294,3100,christian,Turkey Creek Church
358628305,3100,christian,Church of God
358628318,3100,christian,Salem Church
358628322,3100,christian,Iola Church
358628353,3100,christian,Golden Valley Church
358628376,3100,christian,Dry Ridge Church
358628387,3100,christian,Centerville Church
358628413,3100,christian,Fairview Church
358628530,3100,christian,New York Valley Church
358628538,3100,christian,Maple Grove Church
358628572,3100,christian,Jeddo Church
358628587,3100,christian,Paint Creek Church
358628590,3100,christian,Mount Orum Church
358628617,3100,christian,Pleasant Valley Church
358628629,3100,christian,Clarksburg Valley Chapel
358628688,3100,christian,Zion Church
358628733,3100,christian,Little Walnut Church
358628773,3100,christian,High Prairie Church
358628784,3100,christian,Zion Church
358628789,3100,christian,Colfax Church
358628791,3100,christian,Center Ridge Church
358628840,3100,christian,Big Creek Chapel
358628842,3100,christian,Bethel Church
358628886,3100,christian,Cherry Grove Church
358628906,3100,christian,Cumberland Church
358628909,3100,christian,Webster Church
358628910,3100,christian,Bloomington Church
358628970,3100,christian,Pleasant Valley Church
358628985,3100,christian,South Valley Chapel
358629130,3100,christian,Church of Christ
358629133,3100,christian,Saint John Church
358629141,3100,christian,Saint Pauls Church
358629194,3100,christian,Trinity Church
358629233,3104,christian_lutheran,Excelsior Church
358629263,3100,christian,Immanuel Church
358629267,3100,christian,American Church
358629278,3100,christian,Shannon Friends Church
358629413,3100,christian,Nekoma Church
358629462,3100,christian,Salem Church
358629467,3100,christian,Holy Name Church
358629470,3100,christian,Ebenezer Church
358629522,3100,christian,Bergtal Church
358629564,3100,christian,Ellinwood Church
358629590,3100,christian,Midland Church
358629594,3100,christian,Mennonite Church
358629599,3100,christian,Hodgeman Community Church
358629641,3100,christian,Peace Church
358629644,3100,christian,Mount Pleasant Church
358629652,3100,christian,West Salem Church
358629656,3100,christian,Triumph Church
358629678,3100,christian,Saints Peter and Paul Church
358629682,3100,christian,Zook Church
358629689,3100,christian,Eden Valley Church
358629695,3100,christian,New Hope Church
358629701,3100,christian,Calvary Church
358629706,3100,christian,Fairview Church
358629713,3100,christian,Sterling Church
358629719,3100,christian,Fairview Church
358629724,3100,christian,Salem Church
358629760,3100,christian,New Hope Church
358629775,3100,christian,Sulphur Springs Church
358629801,3100,christian,Hayes Church
358629912,3100,christian,Saint Peters Church
358629916,3100,christian,Heber Church
358629926,3100,christian,Meredith Church
358629941,3100,christian,Hebron Church
358629974,3100,christian,Bethany Church
358630045,3100,christian,Mount Olive Church
358630076,3100,christian,Antioch Church
358630077,3100,christian,Sun Valley Church
358630079,3100,christian,Bethany Church
358630087,3100,christian,Wesley Chapel
358630123,3100,christian,Hillside Church
358630220,3100,christian,Saint Johns Church
358630277,3100,christian,Zion Church
358630281,3100,christian,Zion Church
358630288,3100,christian,Bethel Church
358630482,3100,christian,Willowdale Church
358630491,3100,christian,Pleasant Hill Church
358630492,3100,christian,Baptist Church
358630494,3100,christian,Bethlehem Church
358630500,3100,christian,Mount Zion Church
358630513,3100,christian,Saint Pauls Church
358630554,3100,christian,Wesleyan Church
358630563,3100,christian,Mulberry Church
358630649,3100,christian,Saint Pauls Church
358630656,3100,christian,Mount Pleasant Church
358630660,3100,christian,Grace and Truth Gospel Chapel
358630662,3100,christian,New Basel Church
358630665,3100,christian,Ebenezer Church
358630671,3100,christian,Rural Center Church
358630736,3100,christian,Marion Hill Church
358630739,3100,christian,Pleasant Ridge Church
358630754,3100,christian,Immanuel Church
358630860,3100,christian,Immanuel Church
358630925,3100,christian,Freemount Church
358631015,3100,christian,Elm Springs Church
358631016,3100,christian,Friedenstal Church
358631018,3100,christian,Morningstar Church
358631035,3100,christian,Saint Pauls Church
358631037,3100,christian,Rosebank Church
358631044,3100,christian,Hebron Church
358631112,3100,christian,New Gottland Church
358631119,3100,christian,United Center Mennonite Church
358631170,3100,christian,Youngtown Church
358631188,3100,christian,Cottonwood Church
358631191,3100,christian,Saffordville Church
358631209,3100,christian,Monitor Church
358631212,3100,christian,West Liberty Church
358631216,3100,christian,Zion Church
358631237,3100,christian,Emmanuel Church
358631243,3100,christian,Spring Valley Church
358631246,3100,christian,Lone Tree Church
358631251,3100,christian,Immanuel Church
358631264,3100,christian,Alexanderfeld Church of God in Christ
358631279,3100,christian,Our Lady of Perpetual Help Church
358631312,3100,christian,Ebenezer Church
358631320,3100,christian,Sardis Church
358631330,3100,christian,Twin Mounds Church
358631364,3100,christian,Church of Christ
358631372,3100,christian,Prairie View Church
358631382,3100,christian,Cedar Creek Church
358631489,3100,christian,Rosemont Church
358631497,3100,christian,Mount Olivet Church
358631510,3100,christian,Spring Grove Church
358631518,3100,christian,Green Valley Church
358631608,3100,christian,Twin Springs Church
358631693,3100,christian,Zoar Church
358631701,3100,christian,Hoffnungsay Church
358631711,3100,christian,Eden Church
358631715,3100,christian,Hopefield Church
358631733,3100,christian,Meridian Church
358631740,3100,christian,Tabour Church
358631743,3100,christian,Highland Trinity United Church of Christ
358631752,3100,christian,Steinrich Church
358631756,3100,christian,Summit Church
358631782,3100,christian,Verdigris Church
358631833,3100,christian,Scott Valley Church
358631838,3100,christian,Cherry Mound Church
358631862,3100,christian,Wall Street Church
358631865,3100,christian,Wesley Chapel
358631980,3100,christian,Bethany Church
358631987,3100,christian,Mennonite Church
358632002,3100,christian,Pennsylvania Mennonite Church
358632010,3100,christian,East Emmett Church
358632052,3100,christian,Grace Hill Church
358632055,3100,christian,Fairplay Church
358632068,3100,christian,Ebenezer Church
358632070,3100,christian,Eden Church
358632073,3100,christian,First Mennonite Church
358632094,3100,christian,Apostolic Church
358632103,3100,christian,Church of the Brethren
358632159,3100,christian,Northcott Church
358632299,3100,christian,Saint Johns Church
358632314,3100,christian,Round Prairie Church
358632330,3100,christian,Mount Gillian Church
358632336,3100,christian,Sacred Heart Church
358632337,3100,christian,Our Lady of the Snows Church
358632353,3100,christian,Pottawatomie Mission Church
358632382,3100,christian,United Brethren Church
358632408,3100,christian,Edmonds Church (historical}
358632410,3100,christian,Hebron Church
358632419,3100,christian,High Prairie Church
358632431,3100,christian,Friends Church
358632445,3100,christian,Bathel Church
358632652,3100,christian,Midway Chapel
358632658,3100,christian,Bethel Church
358632663,3100,christian,Central Chapel
358632666,3100,christian,Stanwood Church
358632707,3100,christian,Little Stranger Church
358633252,3100,christian,Grinter Chapel
358633369,3100,christian,Church of God
358633441,3100,christian,Grace Temple Baptist Church
358633443,3100,christian,Wesleyan Church
358633456,3100,christian,Saint Michael Monastery
358633724,3105,christian_methodist,Monticello United Methodist Church
358633801,3100,christian,Atonement Church
358633825,3100,christian,Adventist Church
358633962,3100,christian,Stotler Church
358634038,3100,christian,Appanoose Church
358634042,3100,christian,Eightmile Church
358634047,3100,christian,Appanoose Church
358634072,3100,christian,Union Church
358634080,3100,christian,Center Chapel
358634121,3100,christian,Tauy Church
358634139,3100,christian,Antioch Baptist Church
358634249,3100,christian,Bethel Chapel
358634271,3100,christian,Saint Johns Church
358634279,3100,christian,Brethren Church
358634289,3100,christian,Coal Creek Church
358634326,3100,christian,Prairie Center Church
358634331,3100,christian,Captain Creek Church
358634393,3100,christian,Mount Pleasant Church
358634439,3100,christian,Central Church
358634522,3100,christian,Ruhamah Church
358634523,3100,christian,Union Chapel
358634530,3100,christian,Spring Ridge Church
358634537,3100,christian,New Hope Church
358634576,3100,christian,Plum Creek Church
358634614,3100,christian,Miami Church
358635479,3100,christian,Brewster Place Church
358635487,3100,christian,Seward Avenue Baptist Church
358635536,3100,christian,West Side Christian Church
358635542,3100,christian,Topeka Bible Church
358635588,3105,christian_methodist,Lane Chapel Christian Methodist Episcopal Church
358635611,3100,christian,Our Lady of Guadalupe Church
358636217,3100,christian,Unity Missionary Baptist Church
358636226,3100,christian,Sunnyside Baptist Church
358636228,3100,christian,Woodlawn Avenue Baptist Church
358636233,3100,christian,Community Baptist Church
358636235,3100,christian,The Dwelling Church
358636237,3100,christian,First Bible Baptist Church
358636242,3100,christian,Mizpah Baptist Church
358636243,3100,christian,Saint James Baptist Church
358636246,3100,christian,Shiloh Baptist Church
358636248,3100,christian,New Jerusalem Baptist Church
358636251,3100,christian,New Foundation Baptist Church
358636253,3100,christian,Saint Andrews Missionary Baptist Church
358636254,3100,christian,New Zion Baptist Church
358636255,3100,christian,Progressive Missionary Baptist Church
358636258,3100,christian,University Baptist Church
358636259,3100,christian,Wichita Baptist Tabernacle
358636261,3100,christian,Tabernacle Baptist Church
358636263,3100,christian,Strangers Rest Baptist Church
358636266,3100,christian,Christs Anglican Church
358636268,3100,christian,Holy Everlasting Baptist Church
358636269,3100,christian,Paradise Baptist Church
358636272,3100,christian,First Thessalonia Bible Church
358636274,3100,christian,Woodland Baptist Church
358636277,3100,christian,Amidon Street Baptist Church
358636279,3100,christian,Seventeenth Street Baptist Church
358636283,3100,christian,Mount Zion Baptist Church
358636286,3100,christian,Wellington Place Baptist Church
358636289,3100,christian,Evangel Assembly of God Church
358636293,3100,christian,Saint John Baptist Church
358636295,3100,christian,Glad Tidings Assembley of God Church
358636297,3100,christian,Morning Chapel
358636303,3100,christian,New Testament Baptist Church
358636308,3100,christian,Antioch Missionary Baptist Church
358636318,3100,christian,West Side Baptist Church
358636319,3100,christian,Allerton Baptist Church
358636322,3100,christian,First Assembly of God Church
358636325,3100,christian,First Free Will Baptist Church
358636327,3100,christian,New Testament Baptist Church
358636329,3100,christian,Shiloh Baptist Temple
358636330,3100,christian,Grace Baptist Church
358636332,3100,christian,Calvary Bible Church
358636333,3100,christian,Mid-Continent Baptist Church
358636337,3100,christian,Parkview Baptist Church
358636344,3100,christian,South City Baptist Church
358636345,3100,christian,Antioch Baptist Church
358636348,3100,christian,Trinity Assembly of God Church
358636349,3100,christian,Indian Southern Baptist Church
358636352,3100,christian,Fellowship Missionary Baptist Church
358636354,3100,christian,Bridgeport Missionary Baptist Church
358636359,3100,christian,Mexican American Baptist Church
358636367,3100,christian,Israelite Church of God in Christ
358636369,3100,christian,Community Church of God in Christ
358636371,3100,christian,Trinity Baptist Church
358636373,3104,christian_lutheran,Christ the King Lutheran Church
358636377,3100,christian,The Church of Jesus Christ of Latter-day Saints
358636382,3100,christian,First Evangelical Free Church
358636390,3100,christian,McDonald Park Congregation Jehovahs Witnesses
358636394,3100,christian,Grace Brethren Church
358636397,3100,christian,Central Congregation Jehovahs Witnesses
358636399,3100,christian,Trinity Chapel Foursquare Church
358636404,3100,christian,Plymouth Congregational Church
358636410,3104,christian_lutheran,Redeemer Lutheran Church
358636415,3104,christian_lutheran,Trinity Lutheran Church
358636421,3100,christian,First Church of Religious Science
358636427,3100,christian,Faith Chapel Full Gospel Church
358636432,3100,christian,Evangelical Covenant Church
358636448,3100,christian,Eastridge Church of the Nazarene
358636452,3100,christian,Emmanuel Temple Gospel Assembly Pentecostal Church
358636454,3100,christian,Bibleway Pentecostal Assembly Church
358636455,3100,christian,First Church of the Nazarene
358636458,3100,christian,Linwood Church of the Nazarene
358636460,3100,christian,Lorraine Avenue Mennonite Church
358636468,3100,christian,Full Gospel Chapel
358636470,3105,christian_methodist,Crestway Free Methodist Church
358636472,3100,christian,Rainbow Tabernacle Pentecostal Holiness Church
358636474,3100,christian,Gospel Lighthouse Pentecostal Church
358636476,3100,christian,Emmanuel Pentecostal Temple
358636478,3100,christian,The Source Wichita
358636481,3100,christian,North Ash Church of the Nazarene
358636483,3100,christian,Indian Hills Church of the Nazarene
358636484,3105,christian_methodist,Riverside Free Methodist Church
358636486,3105,christian_methodist,First Evangelical Methodist Church
358636487,3105,christian_methodist,Johnson Tabernacle Christian Methodist Episcopal Church
358636493,3100,christian,Assembly Full Gospel Church
358636505,3100,christian,Hyde Park Congregation Jehovahs Witnesses
358636510,3100,christian,University Friends Church
358636512,3100,christian,Metropolitan Community Church
358636514,3100,christian,Church of God of Prophecy
358636519,3100,christian,Community of Christ
358636523,3100,christian,Westside Church of the Nazarene
358636525,3100,christian,Open Bible Mennonite Brethren Church
358636527,3104,christian_lutheran,Bethany Lutheran Church
358636529,3100,christian,Santa Fe Congregation Jehovahs Witnesses
358636533,3100,christian,First Pentecostal Holiness Church
358636535,3100,christian,First Pentecostal United Church
358636537,3100,christian,North Congregation Jehovahs Witnesses
358636539,3100,christian,Full Gospel Tabernacle
358636541,3100,christian,New Hope Full Gospel Church
358636545,3100,christian,Zion Mennonite Church
358636546,3100,christian,Progressive Missionary Baptist Church
358636549,3104,christian_lutheran,Holy Cross Lutheran Church
358636550,3100,christian,Saint Marks Church of God in Christ
358636551,3100,christian,Tabernacle Church of God in Christ
358636553,3100,christian,Trinity Temple Church of God in Christ
358636555,3100,christian,New Convent Church of God in Christ
358636558,3100,christian,Holy Temple Church of God in Christ
358636559,3100,christian,Pine Valley Christian Church
358636560,3100,christian,Faith Mission Church of God in Christ
358636563,3100,christian,University Christian Church
358636565,3100,christian,North Madison Avenue Church of Christ
358636574,3100,christian,Dellrose Church of God
358636582,3100,christian,Poplar Avenue Church of Christ
358636585,3100,christian,Church of God in Christ Revival Center
358636589,3100,christian,Elpyco Church of Christ
358636594,3100,christian,Plainview Church of Christ
358636599,3100,christian,Victorious Cross Church of God in Christ
358636605,3100,christian,Our Lady of Perpetual Help Church
358636607,3100,christian,Evening Light Church of God
358636610,3100,christian,Northeast Heights Church of Christ
358636612,3100,christian,North Heights Christian Church
358636615,3100,christian,Mount Horeb Church of God in Christ
358636617,3100,christian,Pentecostal Church of God in Christ
358636619,3100,christian,Mount Olive Church of God in Christ
358636622,3100,christian,Mount Carmel Church of God in Christ
358636623,3100,christian,Galilee Church of God in Christ
358636630,3100,christian,Northside Church of Christ
358636632,3100,christian,East Side Church of God in Christ
358636634,3100,christian,Eleventh Street Church of Christ
358636636,3100,christian,Riverside Christian Church
358636650,3102,christian_catholic,Our Lady of Guadalupe Roman Catholic Church
358636661,3100,christian,Central Community Church of God
358636663,3100,christian,Clark Street Church of Christ
358636668,3102,christian_catholic,Saint Anne Roman Catholic Church
358636671,3100,christian,West Side Church of Christ
358636673,3100,christian,South Glenn Church of God
358636675,3100,christian,Harry Street Church of God
358636680,3100,christian,Bible Christian Church
358636682,3100,christian,Fundamental Church of God
358636684,3102,christian_catholic,Saint Margaret Mary Roman Catholic Church
358636689,3100,christian,Holy Savior Roman Catholic Church
358636692,3104,christian_lutheran,Saint Andrews Lutheran Church
358636695,3100,christian,First Mennonite Brethren Church
358636698,3100,christian,Country Acres Baptist Church
358636700,3100,christian,The Church of Jesus Christ of Latter-day Saints
358636705,3100,christian,Rolling Hills Church of God
358636710,3100,christian,Saint Elizabeth Ann Seton Church
358636713,3100,christian,Saint Matthias Episcopal Church
358636714,3100,christian,Westlink Church of Christ
358636717,3100,christian,New Creation Christian Church
358636722,3100,christian,Westlink Baptist Church
358636724,3104,christian_lutheran,Ascension Lutheran Church
358636726,3100,christian,Westlink Christian Church
358636729,3100,christian,Town West Baptist Church
358636731,3100,christian,Trinity Church of the Nazarene
358636733,3100,christian,Olivet Church of the Nazarene
358636735,3100,christian,West Congregaion Jehovahs Witnesses
358636741,3100,christian,Riverside Unit Jehovahs Witnesses
358636744,3100,christian,Bethel Baptist Church
358636746,3100,christian,Salem Missionary Baptist Church
358636749,3100,christian,Orchard Valley Christian Church
358636752,3100,christian,Calvary Apostolic Pentecostal United Church
358636755,3100,christian,Heartland Baptist Church
358636757,3100,christian,Memory Lane Baptist Church
358636761,3100,christian,Olivet Baptist Church
358636763,3100,christian,Antioch Christian Church
358636766,3100,christian,First Church of the Open Bible
358636783,3100,christian,The Church of Jesus Christ of Latter-day Saints
358636791,3100,christian,Countryside Christian Church
358636818,3100,christian,Grace Community Baptist Church
358636826,3100,christian,Saint Stephens Episcopal Church
358636995,3105,christian_methodist,Oatville Evangelical Methodist Church
358636997,3100,christian,Calvary Assembly of God Church
358636999,3100,christian,Oaklawn Place Baptist Church
358637002,3100,christian,Bel Aire Church of the Nazarene
358637003,3100,christian,Church of the Resurrection
358637006,3100,christian,Town and Country Christian Church
358637008,3100,christian,Church of the Resurrection
358637011,3104,christian_lutheran,Christ Lutheran Church
358637013,3100,christian,Grace Church of the Nazarene
358637014,3100,christian,Riverview Baptist Church
358637017,3100,christian,South Riverside Baptist Church
358637019,3104,christian_lutheran,Good Shepherd Lutheran Church
358637022,3100,christian,Arkansas Valley Christian Church
358637024,3100,christian,Colonial Heights Assembly of God Church
358637026,3100,christian,South Seneca Church of Christ
358637030,3100,christian,Church of the Bible Covenant
358637033,3100,christian,Oakview Christian Church
358637035,3100,christian,Midway Baptist Church
358637037,3100,christian,Harmony Baptist Church
358637039,3100,christian,Glenville Bible Baptist Church
358637041,3100,christian,Faith Christian Church
358637462,3100,christian,Community Congregational Church
358638443,3100,christian,First United Church
358638445,3100,christian,Saint Benedict Church
358638459,3100,christian,Westview Church
358638464,3100,christian,Evangelical Church
358638470,3100,christian,Strassburg Church
358638472,3100,christian,Alexanderwohl Church
358638479,3100,christian,Whitewater Center Church
358638483,3100,christian,Fairview Chapel
358638841,3100,christian,Advent Church
358639296,3102,christian_catholic,Saint Catherines Mexican Catholic Church
358639302,3100,christian,Full Gospel Tabernacle
358639305,3100,christian,Emanuel Full Gospel Tabernacle
358639307,3100,christian,West Side Baptist Church
358639308,3100,christian,First Church of the Nazarene
358639313,3100,christian,Four Square Gospel Church
358639315,3100,christian,First Church of God
358639318,3102,christian_catholic,Sacred Heart Catholic Church
358639323,3100,christian,Second Presbyterian Church
358639325,3100,christian,First Friends Church
358639326,3100,christian,First Southern Baptist Church
358639331,3105,christian_methodist,Grace Methodist Church
358639334,3100,christian,Church of God of Prophecy
358639337,3100,christian,Salvation Army Citadel
358639339,3100,christian,Christian Assembly Church
358639341,3100,christian,First Assembly of God Church
358639343,3105,christian_methodist,Mount Olive African Methodist Episcopal Church
358639344,3104,christian_lutheran,Saint Marks Evangelical Lutheran Church
358639348,3100,christian,First Baptist Church
358639351,3100,christian,First United Methodist Church
358639356,3100,christian,Calvary Evangelical United Brethren Church
358639358,3100,christian,First Church of Christ Science
358639361,3104,christian_lutheran,Messiah Evangelical Lutheran Church
358639362,3100,christian,First Congregational Church
358639369,3100,christian,First Christian Church
358639371,3100,christian,Saint James Baptist Church
358639387,3100,christian,Antioch Baptist Church
358639389,3100,christian,Calvary Tabernacle First United Pentecostal Church
358639393,3100,christian,Church of Christ
358639396,3100,christian,Church of God in Prophecy
358639398,3100,christian,Church of the Nazarene
358639406,3105,christian_methodist,First Methodist Church
358639409,3100,christian,First Southern Baptist Church
358639413,3100,christian,Four Square Gospel Church
358639419,3100,christian,Jehovah's Witness Kingdom Church
358639422,3100,christian,Living Water Chapel
358639427,3100,christian,Park Avenue Baptist Church
358639430,3100,christian,Pentecostal Lighthouse Church
358639433,3100,christian,Riverside Church of God in Christ
358639438,3102,christian_catholic,Saint Johns Catholic Church
358639440,3100,christian,Second Baptist Church
358639448,3100,christian,Summit Wesleyan Church
358639450,3100,christian,Temple Baptist Church
358639453,3100,christian,Trinity Episcopal Church
358639456,3105,christian_methodist,Trinity United Methodist Church
358639464,3100,christian,Mount Olive Baptist Church
358639467,3102,christian_catholic,Saint Josephs Catholic Church
358639477,3100,christian,Bethel Baptist Church
358639480,3100,christian,Calvary Temple
358639482,3100,christian,Church of Christ
358639484,3100,christian,Church of Christ
358639486,3100,christian,Church of Christ
358639488,3100,christian,Church of God
358639492,3100,christian,Church of God in Christ
358639493,3100,christian,Church of the Nazarene
358639496,3100,christian,Faith Bible Church
358639498,3100,christian,First Baptist Church
358639500,3100,christian,First Christian Church
358639503,3100,christian,First Church of God
358639505,3100,christian,First Presbyterian Church
358639508,3105,christian_methodist,First United Methodist Church
358639510,3100,christian,Fellowship Tabernacle
358639512,3100,christian,Grace Episcopal Church
358639515,3100,christian,Grant Avenue Baptist Church
358639517,3105,christian_methodist,Grant Chapel African Methodist Episcopal Church
358639519,3100,christian,Living Word Assembly of God Church
358639522,3100,christian,New Hope Baptist Church
358639523,3105,christian_methodist,Otterbein United Methodist Church
358639527,3100,christian,Parkview Holiness Church
358639529,3100,christian,Saint Patrick Catholic Church
358639531,3100,christian,The Wesleyan Church
358639535,3100,christian,United Brethren in Christ Church
358639537,3104,christian_lutheran,Zion Lutheran Church
358639539,3104,christian_lutheran,Colby Lutheran Church
358639542,3105,christian_methodist,Colby United Methodist Church
358639544,3100,christian,First Baptist Church
358639547,3100,christian,Landmark United Pentecostal Church
358639550,3102,christian_catholic,Sacred Heart Catholic Church
358639554,3100,christian,Central Baptist Church
358639556,3100,christian,Central Free Will Baptist Church
358639561,3100,christian,Church of Christ
358639563,3100,christian,Church of the Nazarene
358639566,3100,christian,Evangelical Friends Church
358639568,3100,christian,First Assembly of God Church
358639570,3100,christian,First Baptist Church
358639573,3100,christian,First Christian Church
358639574,3100,christian,First Church of Christ Science
358639576,3100,christian,First Church of God
358639579,3100,christian,First Congregational United Church of Christ
358639581,3100,christian,First Southern Baptist Church
358639585,3105,christian_methodist,First United Methodist Church
358639588,3100,christian,Great Bend Bible Church
358639594,3100,christian,Heritage Baptist Temple
358639598,3100,christian,Immanuel Baptist Church
358639600,3100,christian,Jehovah Witness Kingdom Hall
358639603,3105,christian_methodist,King Memorial United Methodist Church
358639606,3104,christian_lutheran,Our Savior Lutheran Church
358639609,3100,christian,Prairie Foursquare Church
358639611,3100,christian,Saint Johns Episcopal Church
358639613,3104,christian_lutheran,Saint Mark Lutheran Church
358639619,3100,christian,Prince of Peace Catholic Church
358639623,3102,christian_catholic,Saint Rose Catholic Church
358640441,3100,christian,Wesleyan Church
358640493,3100,christian,Cross Points Church
358640495,3100,christian,Holliday Church
358640500,3100,christian,Monticello Bible Church
358640509,3100,christian,Trinity Church
358640766,3100,christian,Berean Church
358640784,3100,christian,Emanuel Church
358640811,3100,christian,Saint Francis DeSales Church
358640813,3100,christian,Saint Martins Church
358640814,3100,christian,Southern Heights Church
358640828,3100,christian,Wallula Church
358640831,3100,christian,Fortress of Faith Christian Church
358641983,3100,christian,Assembly Church
358641991,3100,christian,Judson Church
358641993,3100,christian,Mission Creek Church
358642003,3100,christian,Wyandotte Church
358642044,3100,christian,Bethel Chapel
358642067,3100,christian,Rose Hill Church
358642092,3100,christian,All Nation Pentecostal Church
358642095,3100,christian,Apostolic Faith Church
358642098,3100,christian,Bible Way Church of God in Christ
358642101,3100,christian,Calvary Mennonite Church
358642104,3100,christian,Church of Christ
358642106,3100,christian,Church of the Nazarene
358642109,3100,christian,Community Baptist Church
358642119,3100,christian,First Assembly of God Church
358642121,3100,christian,First Baptist Church
358642123,3100,christian,First Christian Church
358642125,3100,christian,First Church of Christ Science
358642128,3100,christian,First Church of God
358642129,3100,christian,First Southern Baptist Church
358642132,3105,christian_methodist,First United Methodist Church
358642134,3104,christian_lutheran,Good Shepherd Lutheran Church
358642135,3100,christian,Grace Baptist Temple
358642138,3104,christian_lutheran,Grace Lutheran Church
358642142,3100,christian,Holy Sanctuary Church of God in Christ
358642150,3100,christian,Liberal Friends Church
358642151,3100,christian,Life Tabernacle
358642156,3100,christian,Manning Memorial Pentecostal Holiness Church
358642161,3100,christian,New Life Spanish Mission
358642163,3100,christian,Pershing Avenue Christian Church
358642168,3100,christian,Saint Andrews Episcopal Church
358642171,3102,christian_catholic,Saint Anthony Catholic Church
358642175,3100,christian,South Church of God
358642181,3100,christian,Western Avenue Church of Christ
358642354,3100,christian,Neville Church (ruins)
358642374,3100,christian,West Bethany Church
358642379,3100,christian,Parks Church
358642386,3100,christian,Pleasant Valley Church
358642428,3100,christian,Mount Pleasant Church
358642444,3100,christian,Church of the Nazarene
358642449,3100,christian,Saint John Church
358642462,3100,christian,Redline Church
358642473,3100,christian,Saint Theresa Church
358642497,3100,christian,Highland Church
358642510,3100,christian,Bethany Church
358642645,3100,christian,Groveland Christian Church
358642681,3104,christian_lutheran,Bethany Lutheran Church
358642684,3100,christian,Covenant Church
358642686,3100,christian,First Baptist Church
358642695,3105,christian_methodist,McPherson Free Methodist Church
358642704,3100,christian,Covenant Mission Church
358642726,3103,christian_evangelical,Cornerstone Bible Church
358642729,3105,christian_methodist,First Methodist Church
358642731,3100,christian,St Anne's Epicopal Church
358642736,3100,christian,Seventh Day Adventist
358642741,3104,christian_lutheran,Trinity Lutheran Church
358642747,3100,christian,First Mennonite Church
358642750,3100,christian,Halstead Baptist Church
358642754,3105,christian_methodist,Halstead United Methodist Church
358642760,3102,christian_catholic,Sacred Heart Catholic Church
358642771,3100,christian,First Presbyterian Church
358642775,3105,christian_methodist,Bentley United Methodist Church
358642781,3104,christian_lutheran,Grace Lutheran Church
358642783,3102,christian_catholic,Saint Pauls Catholic Church
358642786,3100,christian,First Christian Church
358642788,3100,christian,First Baptist Church
358642791,3105,christian_methodist,First Methodist Church
358642793,3100,christian,First Presbyterian Church
358642797,3100,christian,Abilene Brethren In Christ Church
358642802,3100,christian,Emmanuel Evangelical Church
358642804,3100,christian,First Baptist Church
358642806,3100,christian,First Christian Church
358642809,3100,christian,First Church of Christ Scientist
358642814,3100,christian,Gospel Tabernacle
358642819,3100,christian,Mount Zion Baptist Church
358642821,3102,christian_catholic,Saint Andrews Roman Catholic Church
358642823,3100,christian,Saint Johns Episcopal Church
358642826,3100,christian,Seventh Day Adventist Church
358642828,3104,christian_lutheran,Trinity Lutheran Church
358642830,3100,christian,United Brethren Church
358642833,3105,christian_methodist,Wesleyan Methodist Church
358642834,3104,christian_lutheran,Faith Lutheran Church
358642836,3105,christian_methodist,First United Methodist Church
358642839,3100,christian,Grace United Church of Christ
358642845,3100,christian,Assembly of God Church
358642846,3100,christian,Bible Baptist Church
358642849,3100,christian,Church of God
358642851,3100,christian,Church of God
358642853,3100,christian,First Church of Christ Scientist
358642864,3100,christian,Second Baptist Church
358642882,3100,christian,Community Baptist Church
358642886,3100,christian,First Christian Church
358642889,3100,christian,Iola Baptist Temple
358642900,3100,christian,Anthony Church of Christ
358642902,3100,christian,First Congregational United Church of Christ
358642904,3100,christian,First Pentecostal Church
358642907,3100,christian,Church of the Nazarene
358642909,3100,christian,First Baptist Church
358642911,3100,christian,First Christian Church
358642912,3100,christian,First Church of God
358642914,3105,christian_methodist,First Methodist Church
358642917,3100,christian,Grace Episcopal Church
358642919,3105,christian_methodist,Saint Mathew African Methodist Episcopal Church
358642922,3100,christian,Central Christian Church
358642923,3100,christian,First Baptist Church
358642925,3100,christian,First Christian Church
358642928,3100,christian,First Presbyterian Church
358642930,3105,christian_methodist,Madison United Methodist Church
358642933,3102,christian_catholic,Saint Teresa Catholic Church
358642944,3100,christian,Bible Baptist Church
358642947,3104,christian_lutheran,Christ Lutheran Church
358642949,3100,christian,Eureka Church of Christ
358642952,3100,christian,First Baptist Church
358642957,3100,christian,Jefferson Street Baptist Church
358642959,3100,christian,Kingdom Hall of Jehovahs Witnesses
358642964,3105,christian_methodist,First United Methodist Church
358642966,3100,christian,Sacred Heart Church
358643300,3100,christian,United Church of the Good Shepherd
358643305,3105,christian_methodist,United Desoto Methodist Church
358643316,3100,christian,View Baptist Church
358643321,3100,christian,Village United Presbyterian Church
358643343,3100,christian,Westside Church of Nazarene
358643348,3100,christian,Westview Congregation of Jehovah's Witnesses
358643358,3100,christian,Trinity Anglican Episcopal Church
358643360,3100,christian,Trinity Baptist Church
358643362,3100,christian,Trinity Full Gospel Church
358643366,3104,christian_lutheran,Zion Lutheran Church
358643369,3104,christian_lutheran,Zion Lutheran Church
358643382,3100,christian,Seventh Day Adventist Church
358643387,3100,christian,Seventh Day Adventist Church
358643398,3100,christian,Shawnee Bible Church
358643400,3105,christian_methodist,Shawnee Methodist Church
358643407,3100,christian,Shawnee Presbyterian Church
358643410,3100,christian,Southern Baptist Church
358643413,3100,christian,South Leawood Baptist Church
358643422,3100,christian,Southwoods Christian Church
358643429,3100,christian,Spring Hill Church of Christ
358643432,3105,christian_methodist,Spring Hill United Methodist Church
358643438,3100,christian,Strangers Rest Baptist Church
358643440,3100,christian,Sunset Hills Christian Church
358643444,3100,christian,Saint Mary's-Saint Anthony's Church
358643450,3100,christian,Saint Pius X Catholic Church
358643452,3105,christian_methodist,Saint Pauls United Methodist Church
358643454,3100,christian,Saint Paul's Catholic Church
358643458,3104,christian_lutheran,Salem Lutheran Church
358643464,3100,christian,Pathway Church
358643480,3100,christian,Prairie Center Church of God of Prophecy
358643484,3100,christian,Rainbow Mennonite Church
358643494,3100,christian,Ridgeview Southern Baptist
358643501,3100,christian,Old Stone Chapel
358643505,3100,christian,Sacred Heart Church Kansas
358643519,3100,christian,Saint Andrew Christian Church
358643523,3100,christian,Saint Dionysius Greek Orthodox Christian Church
358643526,3100,christian,Saint Francis of Assisi Church
358643531,3100,christian,Saint Joseph Church
358643537,3100,christian,Saint Mark Coptic Orthodox Church of Kansas City
358643548,3100,christian,New Hope Church of God in Christ
358643560,3100,christian,Oak Hills Presbyterian Church
358643568,3100,christian,Olathe View Baptist Church
358643576,3100,christian,Olathe Wesleyan Church
358643580,3100,christian,Olathe Christian Fellowship
358643592,3100,christian,Open Door Baptist Church
358643596,3100,christian,Our Lady and Saint Rose Catholic Church
358643604,3100,christian,Overland Park Bible Chapel
358643617,3100,christian,Overland Park Foursquare Church
358643623,3100,christian,The Morse Church
358643625,3100,christian,Mount Olive Baptist Church
358643641,3100,christian,Truth Church - Olathe
358643643,3100,christian,New Vision Church God in Christ
358643647,3100,christian,Jubilee Family Ministry Center
358643650,3100,christian,Kansas Baptist Convention
358643654,3100,christian,Kansas City Kansas Baptist Association
358643661,3100,christian,Kansas District of The Wesleyan Church
358643663,3100,christian,Kansas Korean Mission Church
358643665,3200,jewish,Kehilath Israel Synagogue
358643675,3100,christian,Korean United Presbyterian Church of Kansas
358643680,3100,christian,Lao-American Church
358643687,3105,christian_methodist,Leawood United Methodist Church
358643691,3100,christian,Lenexa Baptist Church
358643698,3105,christian_methodist,Lenexa United Methodist Church
358643705,3104,christian_lutheran,Hope Lutheran Church
358643710,3100,christian,Indian Creek Community Church
358643718,3100,christian,Johnson County Church of Christ
358643720,3100,christian,Merriam Christian Church
358643723,3107,christian_protestant,Lenexa Church of Christ
358643724,3100,christian,Messianic Ministry of Kansas City
358643727,3100,christian,Metropolitan Community Church
358643729,3800,sikh,Gurdwara Sahib Kansas City
358643734,3100,christian,Mission Full Gospel Church
358643737,3100,christian,"Grace Church, Overland Park Campus"
358643742,3100,christian,Grace Bible Church
358643747,3100,christian,Grace Church of the Living God
358643750,3100,christian,Grace Covenant Presbyterian Church
358643755,3100,christian,Grandview Park United Presbyterian Church
358643756,3100,christian,Grandview Christian Church
358643758,3100,christian,Great Commission Church
358643760,3100,christian,Great Plains Community Church
358643761,3100,christian,Greater Kansas City Chinese Christian Church
358643767,3100,christian,Grinter Heights Baptist Church
358643769,3100,christian,Growing A Healthy Church
358643781,3100,christian,Heartland International Ministries
358643783,3200,jewish,Hebrew Orthodox Congregation
358643790,3100,christian,Heritage Presbyterian Church
358643792,3105,christian_methodist,Heritage United Methodist Church
358643795,3500,hindu,Hindu Temple and Cultural Center
358643801,3104,christian_lutheran,Holy Cross Evangelical Lutheran Church
358643809,3100,christian,Grace Bible Church of Stanley
358643812,3100,christian,Holy Cross Catholic Church
358643822,3100,christian,Holy Trinity Catholic Church
358643833,3100,christian,Emmanuel Chinese Baptist Church
358643836,3100,christian,Ethiopian Christian Fellowship
358643839,3100,christian,Ethiopian Christian Fellowship
358643843,3100,christian,Faith Baptist Church
358643857,3100,christian,First Apostolic Church
358643859,3100,christian,First Assembly of God Church
358643864,3100,christian,First Baptist Church Stilwell
358643869,3100,christian,First Baptist Church of Mission
358643887,3100,christian,First Love Ministries Church
358643899,3100,christian,Free Church of God In Christ
358643905,3100,christian,Gardner Friends Church
358643906,3100,christian,Gardner Church of Christ
358643909,3100,christian,Gathering Place Pentecostal Holiness Church
358643913,3100,christian,Church of the Harvest
358643922,3100,christian,Community Covenant Church
358643927,3100,christian,Community Bible Church
358643934,3100,christian,Community of Christ Church
358643943,3100,christian,Countryside Baptist Church
358643946,3100,christian,Countryside Christian Church
358643948,3100,christian,Covenant Chapel Evangelical Presbyterian Church
358643960,3100,christian,Daybreak Community Church
358643963,3100,christian,Deaf Liberty Baptist Church
358643964,3100,christian,Decision Baptist Church
358643966,3100,christian,Church of the Harvest
358643969,3100,christian,Church of the Nativity
358643975,3100,christian,Church of the Nativity
358643977,3100,christian,College Church of The Nazarene
358643991,3100,christian,Calvary Chapel Of Johnson County
358643999,3100,christian,Celebration Community Church
358644002,3105,christian_methodist,Center of Grace
358644005,3100,christian,Central Church of Nazarene
358644013,3100,christian,Christ Community Church of the Nazarene
358644020,3104,christian_lutheran,Christ Lutheran Church
358644021,3100,christian,Christian Assembly Fellowship
358644022,3100,christian,Christian Church of Greater Kansas City
358644034,3100,christian,
358644036,3100,christian,Church of God Holiness
358644040,3100,christian,Church of God Holiness
358644049,3100,christian,Church of God Holiness
358644053,3100,christian,The Church of Jesus Christ of Latter-day Saints
358644062,3100,christian,The Church of Jesus Christ of Latter-day Saints
358644069,3100,christian,Abundant Life Assembly of God
358644074,3104,christian_lutheran,Advent Lutheran Church
358644076,3200,jewish,Adat Yeshua-Messianic
358644085,3100,christian,Amanuel Ethiopian Church
358644089,3100,christian,Antioch Church
358644093,3104,christian_lutheran,Atonement Lutheran Church of Overland Park
358644096,3104,christian_lutheran,Augsburg Lutheran Church
358644105,3104,christian_lutheran,Bethany Lutheran Church of Stilwell
358644109,3100,christian,Berean Bible Church
358645332,3100,christian,Garrett Chapel
358647034,3100,christian,Breakpoint Church
358647055,3100,christian,First Presbyterian Church of Kansas City Kansas
358647058,3100,christian,Oskaloosa Church of Christ
358647066,3105,christian_methodist,Wesley United Methodist Church
358647077,3100,christian,Clearwater Evangelical Free Church
358647086,3100,christian,Welborn Community United Church of Christ
358647091,3100,christian,Church of the Nazarene
358647092,3100,christian,Risen Lamb Church of the Nazarene
358647109,3100,christian,Lansing Missionary Baptist Church
358647127,3100,christian,Peace Mennonite Church
358647129,3100,christian,Heartland Community Church
358647133,3100,christian,Clear Creek Baptist Church
358647135,3100,christian,Edwardsville Assembly Church
358647152,3100,christian,Hillview Church of God
358647155,3100,christian,Fellowship Baptist Church
358647156,3100,christian,Church of God Holiness
358647158,3100,christian,Greater Pentecostal Church of God in Christ
358647161,3100,christian,New Dimensions of Christ Church
358647164,3100,christian,Saint Pauls United Church of Christ
358647167,3100,christian,First Baptist Church of Bethel
358647169,3106,christian_orthodox,St. George Orthodox Christian Cathedral
358647172,3100,christian,Saint Albans Anglican Church
358647179,3105,christian_methodist,Aldersgate United Methodist Church
358647190,3100,christian,Church of God
358647193,3100,christian,Church of the Savior
358647195,3100,christian,Western Plains Church of the Brethren
358647209,3105,christian_methodist,Grace United Methodist Church
358647218,3104,christian_lutheran,Resurrection Lutheran Church
358647227,3105,christian_methodist,Haysville United Methodist Church
358647228,3100,christian,First Christian Church of Haysville
358647231,3100,christian,East Point Church of Christ
358647232,3100,christian,Hope Mennonite Church
358647236,3100,christian,Countryside Pentecostal Holiness Church
358647238,3100,christian,True Life Church
358647241,3100,christian,Valley Center Christian Church
358647338,3100,christian,Clearview Baptist Church
358647343,3105,christian_methodist,Saint Paul African Methodist Episcopal Church
358647346,3100,christian,Oskaloosa Church of Christ
358647350,3105,christian_methodist,Oskaloosa First United Methodist Church
358647351,3100,christian,Spring Hill Baptist Church
358647354,3105,christian_methodist,Valley Falls United Methodist Church
358647395,3100,christian,Bonner Springs Church of Christ
358647399,3105,christian_methodist,Bonner Springs United Methodist Church
358647403,3100,christian,Bible Baptist Church
358647405,3100,christian,College Hill Church of Christ
358647406,3105,christian_methodist,Kechi United Methodist Church
358647417,3100,christian,First Christian Church
358647422,3100,christian,Calvary Bible Church
358647425,3400,buddhist,Wat Wichitaram Buddhist Temple
358647427,3102,christian_catholic,Saint Michaels Catholic Church
358647433,3100,christian,Liberty Christian Life Center
358647475,3100,christian,Saint Marys Immaculate Conception Church
358647483,3100,christian,Calvary Baptist Church
358647485,3100,christian,First Pentecostal Church
358647488,3100,christian,Hope Alive Christian Center
358647496,3100,christian,Williamstown Assembly of God Church
358647509,3100,christian,First Baptist Church
358647515,3100,christian,Second Christian Church
358647532,3105,christian_methodist,Clearwater United Methodist Church
358647535,3100,christian,Park City Baptist Church
358647542,3100,christian,Viola Presbyterian Church
358647546,3100,christian,Olivet Church of God in Christ
358647552,3100,christian,Pleasant Hill Baptist Church
358647555,3100,christian,Oskaloosa First Baptist Church
358647558,3100,christian,Faith United Church
358647571,3105,christian_methodist,Eudora United Methodist Church
358647579,3100,christian,Park City Church of the Nazarene
358647611,3100,christian,Pleasant Grove Missionary Baptist Church
358647613,3100,christian,Bibleway Community of Faith Church
358647616,3100,christian,Linwood Church of Christ
358647620,3100,christian,Enterprise Christian Church
358647637,3105,christian_methodist,Perry United Methodist Church
358647655,3100,christian,First Church of Christ Scientist
358647658,3100,christian,Park City Christian Church
358647666,3100,christian,First Baptist Church
358647668,3105,christian_methodist,Saint Matthew African Methodist Episcopal Church
358647671,3100,christian,New Light Baptist Church
358647674,3100,christian,Garden Plain Community Church
358647675,3102,christian_catholic,Sacred Heart Catholic Church
358647682,3100,christian,Brotherhood Presbyterian Church
358647684,3100,christian,Reach Out Ministries Baptist Church
358647688,3100,christian,Hesper Friends Church
358647690,3100,christian,Grandview Baptist Church of Kansas City
358647696,3100,christian,Church of the Resurrection West
358647698,3100,christian,Church of God
358647702,3100,christian,King Solomon Missionary Baptist Church
358647721,3102,christian_catholic,Saint Anthonys of Padua Catholic Church
358647723,3100,christian,Church of the Living God
358647727,3100,christian,Zion Outpost Church
358647730,3100,christian,Wichita Heights Baptist Church
358647733,3100,christian,Grace Temple Church of God
358647737,3100,christian,Randall Road Baptist Church
358647745,3104,christian_lutheran,Saint Paul Lutheran Church
358647814,3100,christian,Church of the Nazarene
358647838,3100,christian,Mulvane Christian Church
358647849,3100,christian,Rehms Park Southern Baptist Church
358647878,3100,christian,Harvest Chapel Community Church
358647890,3100,christian,First Baptist Church
358647900,3100,christian,Edwardsville Christian Church
358647905,3100,christian,Oskaloosa First Presbyterian Church
358647915,3100,christian,New Beginnings Baptist Church
358647917,3100,christian,Calvary Presbyterian Church
358647920,3100,christian,Saint Andrews Episcopal Church
358647924,3100,christian,New Bethel Church
358647927,3100,christian,Saint Martin in the Fields Episcopal Church
358647949,3100,christian,First Baptist Church of Linwood
358647952,3100,christian,Living Word Christian Church
358647956,3100,christian,Goddard Community Church
358647959,3104,christian_lutheran,Faith Lutheran Church
358647961,3105,christian_methodist,Lansing United Methodist Church
358647965,3105,christian_methodist,Mulvane United Methodist Church
358647966,3100,christian,Northwest Christian Church
358647978,3100,christian,Mulvane First Church of the Nazarene
358647984,3100,christian,Orchard Community Church
358648008,3100,christian,Christ's Church of the Jesus Hour
358648014,3104,christian_lutheran,Lord of Life Lutheran Church
358648024,3100,christian,Williamstown Assembly of God Church
358648028,3100,christian,Evangelical Assembly of God
358648037,3100,christian,Church of God Seventh Day
358648040,3100,christian,Viola Baptist Church
358648044,3100,christian,West Evangelical Free Church
358648050,3100,christian,Faith Missionary Baptist Church
358648057,3100,christian,Grace Point Church
358648061,3105,christian_methodist,El Mesias United Methodist Church
358648064,3100,christian,Greater Mount Zion Baptist Church
358648073,3100,christian,Morning Chapel Baptist Church
358648086,3100,christian,Heritage Baptist Church
358648110,3100,christian,Wyandotte County Christian Church
358648130,3100,christian,Living Water Evangelical Free Church
358648137,3100,christian,Church of New Life Deliverance
358648146,3100,christian,West Haysville Baptist Church
358648432,3103,christian_evangelical,East Evangelical Free Church
358648435,3100,christian,Kingdom Hall of Jehovahs Witnesses Indian Creek Congregation
358648439,3100,christian,First Christian Church
358648444,3105,christian_methodist,Saint Mark United Methodist Church
358648456,3100,christian,Christ Church of the New Covenant
358648592,3100,christian,Martinson Avenue Christian Church
358648652,3100,christian,Greater Mispah Baptist Church
358648655,3100,christian,Church of Christ of Vinland
358648658,3100,christian,Living Word Church of True Holiness
358648662,3105,christian_methodist,Vinland United Methodist Church
358648671,3100,christian,Church of Christ of Madison Avenue
358648678,3100,christian,Saint Luke Presbyterian Church
358648684,3100,christian,The Church of the Holy Spirit
358648687,3100,christian,Second Metropolitan Baptist Church
358648690,3100,christian,Providence Baptist Church
358648696,3100,christian,True Church of the First Born
358648699,3100,christian,Midland Baptist Church
358648808,3100,christian,Saint Cecilia Church
358648818,3102,christian_catholic,Saint Marks Catholic Church
358648821,3100,christian,Grace Community Church of the Nazarene
358648828,3100,christian,Central Christian Church
358648846,3105,christian_methodist,Goddard United Methodist Church
358648848,3100,christian,Korean Young Nak Presbyterian Church of Kansas City
358648854,3100,christian,Village Community Church
358648863,3105,christian_methodist,Edwardsville United Methodist Church
358648866,3100,christian,Church of Christ of Mulvane
358648872,3102,christian_catholic,Christ the King Parish
358648878,3100,christian,Bonner Springs Baptist Church
358648881,3100,christian,First Baptist Church
358648890,3100,christian,Mulvane Brethren Church
358648946,3100,christian,The River Valley Community Church
358648949,3100,christian,Heartland Church of Christ
358648956,3105,christian_methodist,Linwood United Methodist Church
358648968,3100,christian,Metro East Baptist Church
358648972,3104,christian_lutheran,Grace Lutheran Church
358648981,3100,christian,Unity of the Prairie Church
515438037,3100,christian,The Foundry Christian Church
518252697,3100,christian,Bethel Church
522275781,3100,christian,
528013915,3102,christian_catholic,St Mary's Catholic Church
634338882,3100,christian,Furley United Methodist Church
696116234,3300,muslim,Islamic Society of Wichita
761252891,3100,christian,Woodland Lakes Community Church
761253419,3100,christian,Maranatha Worship Center
810776686,3100,christian,Saint Anthony Church
812722383,3100,christian,Evangelical Free Church of Smith Center
986955817,3100,christian,United Christian Church
1003333782,3100,christian,Freeport Presbyterian Church 1884
1050770061,3100,christian,First Presbyterian Church
1068752838,3105,christian_methodist,United Methodist Church
1068752839,3104,christian_lutheran,St. Mark's Lutheran Church
1103338027,3104,christian_lutheran,Mt. Calvary
1109896563,3104,christian_lutheran,
1154217565,3100,christian,
1154217570,3100,christian,
1251713781,3100,christian,Fellowship Baptist Church
1300332334,3100,christian,The Salvation Army Worship Center
1312456351,3100,christian,St. Joseph Church
1312460624,3100,christian,First Christian Church
1346096420,3100,christian,Word of Life Church
1347469179,3100,christian,Amazing Grace Baptist Church
1402657661,3100,christian,The Journey Church
1652165455,3100,christian,Galva Christian Church
1653912888,3100,christian,St. John Episcopal Church
1683865966,3102,christian_catholic,Saint Patrick's Catholic Church
1684119740,3100,christian,First Baptist Church
1684119763,3102,christian_catholic,St Mary's Catholic Church
1684120862,3105,christian_methodist,United Methodist Church
1684122575,3100,christian,Oxford Christian Church
1684122582,3100,christian,Maple Street Baptist Church
1684126811,3100,christian,Church of Christ
1747692971,3100,christian,First Mennonite Church
1776367225,3100,christian,First Baptist Church
1781944007,3100,christian,Oakley Christian Church
1781945095,3100,christian,Church of Christ
1798905588,3100,christian,First Presbyterian Church
1799561302,3100,christian,Fouraquare Church
1799569848,3105,christian_methodist,Wesely United Methodist Church
1799582407,3100,christian,
1873452403,3100,christian,Revelation Ministries Church
2102207969,3100,christian,First Christian Church
2127806279,3100,christian,
2129809947,3100,christian,
2130337277,3100,christian,Flint Hills Community Church
2169330741,3105,christian_methodist,Ogden Friendship House of Hope
2169578108,3100,christian,First Baptist Church
2169711987,3100,christian,Pentecostal Church
2193698326,3100,christian,Saint Michael's Church
2285841232,3100,christian,New Birth Christian Center
2338822245,3100,christian,First Christian Church
2340027913,3100,christian,First Christian Church
2348609740,3105,christian_methodist,South Haven United Methodist Church
2368059695,3100,christian,Christian Church
2554336254,3100,christian,Mill Creek Community Church
2575037491,3101,christian_anglican,Cambridge Church
2587565883,3100,christian,Life Church
2588722991,3100,christian,Flint Hills Christian Church
2588722992,3100,christian,Flint Hills Christian Church
2612250792,3105,christian_methodist,Westmoreland United Methodist Church
2612250800,3100,christian,Westmoreland Christian Church
2637698434,3104,christian_lutheran,Grace Lutheran Church and Parsonage
2637698436,3100,christian,Flint Hills Baptist Church
2637698437,3100,christian,Osage City Baptist Temple
2699304055,3100,christian,Heartland Community Church
2833567140,3100,christian,Revolution Church
2833567254,3100,christian,Crossroad's Church
2847969006,3100,christian,Crest Bible Church
2848928273,3105,christian_methodist,United Methodist Church Baxter Springs
2917836247,3100,christian,Immanuel Lutheran Church
3103168171,3100,christian,Suncrest Mennonite Church
3197544212,3100,christian,Twelfth Avenue Baptist Church
3204715531,3102,christian_catholic,Didde Catholic Campus Center
3422145023,3102,christian_catholic,St. Andrew's Catholic Church
3744145137,3102,christian_catholic,Spiritual Life Center
3838527702,3102,christian_catholic,Saint Gregory the Great Catholic Church
3849935857,3100,christian,Lakin Mennonite Church
3972314834,3100,christian,
4025273874,3100,christian,First Baptist Church
4224820292,3100,christian,Saint Francis Community Church
4289548798,3100,christian,Heartland Community Church
4373115500,3105,christian_methodist,
4373115510,3100,christian,
4503631622,3100,christian,Great Bend Seventh-day Adventist Church
4596571956,3103,christian_evangelical,Church of Christ
4638588455,3100,christian,Journey Mennonite Church
4728229816,3105,christian_methodist,Burdett United Methodist Church
4790788066,3100,christian,Living Water Fellowship
4799418368,3100,christian,Linn Valley Community Church
4832074983,3100,christian,Burlingame Federated Church
4957403603,3102,christian_catholic,St. Joseph Catholic Church
5145836657,3105,christian_methodist,United Church of Bennington
5173095037,3105,christian_methodist,Fairview United Methodist Church
5173097461,3105,christian_methodist,Mitchell United Methodist Chapel
5565502146,3104,christian_lutheran,Reformation Lutheran Church
5595029824,3102,christian_catholic,St. Michael's Catholic Church
5595029825,3100,christian,St. Michael's Parish Hall
5676351402,3100,christian,Winfield Church of Christ
5703355904,3100,christian,Philadelphia Missionary Baptist
6384518303,3106,christian_orthodox,Saints Peter and Fevronia Orthodox Church
6396649300,3100,christian,New Hope Assembly Of God
6442141366,3106,christian_orthodox,Cascade Church of Christians
7142121874,3100,christian,New Life Assembly of God
7178373914,3100,christian,Newton Nazarene Church
7178373924,3100,christian,St. Matthew's Episcopal Church
7185751444,3100,christian,First United Methodist Church
7430522603,3100,christian,Lebanon United Methodist Church
7439902764,3100,christian,New Covenant Church
7511585681,3100,christian,Pathway Church Westlink
7603896774,3100,christian,Mennonite Church
7618135959,3100,christian,Northridge Church
7709030671,3102,christian_catholic,St. Leo's
7769844744,3100,christian,Word Of Life wolm.org
7855516201,3105,christian_methodist,Coats Grace United Methodist Church
7858368859,3100,christian,
7867683617,3100,christian,
8204104329,3100,christian,Life Spring Church
8786437700,3100,christian,Carlyle Presbyterian Church
8840318636,3100,christian,Jesus Community
9279492853,3100,christian,The Anchor Church
9291539304,3100,christian,
9322628176,3102,christian_catholic,St. James Catholic Church
9322628177,3105,christian_methodist,Wetmore Methodist Church
9322628178,3100,christian,Wetmore Baptist Church
9411818418,3100,christian,North Baptist Church
9586565203,3100,christian,West Ridge Community Church
9696289057,3100,christian,
9740633961,3100,christian,Manhattan Reformed Presbyterian Church
9864252543,3100,christian,Bethel Center Baptist Church
9864252544,3100,christian,Bethel Church of God in Christ
9869453055,3100,christian,Calvary Temple Pentecostal Church
9869453056,3100,christian,Calvary Angel's Church
9874697542,3100,christian,Covenant Baptist Church
9874697559,3100,christian,Iglesia Ni Cristo
9890925995,3102,christian_catholic,
9908547866,3100,christian,Assumption Chapel
9921565293,3100,christian,
9921565297,3100,christian,
9928487867,3100,christian,
9928509236,3100,christian,
9951642987,3102,christian_catholic,St. Mary Queen of Angels
9951645490,3100,christian,Bible Baptist Church
9951650484,3100,christian,
9951663786,3100,christian,
9951663787,3100,christian,Otterbein United Methodist Church
9951666235,3100,christian,Trinity United Methodist Church
9987139939,3102,christian_catholic,Little Brothers of the Lamb
9996521882,3100,christian,
9996554229,3100,christian,
10001474514,3100,christian,
10001481319,3100,christian,
10001517658,3100,christian,
10001517659,3100,christian,
10001517660,3100,christian,
10085839218,3100,christian,Iglescia Espiritual
10153864053,3100,christian,
10154924314,3100,christian,First United Methodist Church
10154935270,3100,christian,
10154956740,3100,christian,
10154957421,3104,christian_lutheran,
10883019513,3100,christian,Grace Baptist Temple
10901419107,3100,christian,New Community Christian Church
10904626719,3100,christian,Salina Bible Church
10975111949,3100,christian,Woodlawn United Methodist Church
10975111950,3100,christian,Madison Avenue United Methodist Church
10975111952,3100,christian,Rose Hill United Methodist Church
10975111953,3100,christian,Belle Plaine Global Methodist Church
10975111954,3100,christian,Bucklin Free Methodist Church
10975111955,3100,christian,Cheney Methodist Church
11008399990,3100,christian,
11021349583,3100,christian,Story Hill Church
11055589811,3100,christian,
11208641737,3100,christian,Radiant Church
11269216830,3100,christian,First Baptist Church of Goodland
11469195262,3100,christian,The Door Christian Fellowship Church
11494870308,3100,christian,Veer Church
11495441227,3100,christian,Arc Of deliverance Church
11787436824,3101,christian_anglican,Incarnation Anglican Church
12035246306,3104,christian_lutheran,Fairmount Ministries
12068510351,3100,christian,Free City Church
12092077485,3100,christian,Church of Christ
12155655992,3100,christian,
12156041106,3100,christian,
12156041107,3100,christian,
12156125803,3100,christian,
12156160081,3100,christian,
12156222596,3100,christian,
12156231003,3100,christian,
12156234094,3100,christian,
12156234095,3100,christian,
12156237703,3100,christian,
12169333184,3200,jewish,KU Hillel
12173325779,3100,christian,Pearl Street Reformed Baptist Church
12186204244,3100,christian,
12186248543,3100,christian,
12186397302,3100,christian,
12223045421,3100,christian,New Life Community Church